name;description;private
1-Data-Meter;Jmeter Repositorio Prueba;false
2-Data-Meter;Jmeter Repositorio Prueba;false
3-Data-Meter;Jmeter Repositorio Prueba;false
4-Data-Meter;Jmeter Repositorio Prueba;false
5-Data-Meter;Jmeter Repositorio Prueba;false
6-Data-Meter;Jmeter Repositorio Prueba;false
7-Data-Meter;Jmeter Repositorio Prueba;false
8-Data-Meter;Jmeter Repositorio Prueba;false
9-Data-Meter;Jmeter Repositorio Prueba;false
10-Data-Meter;Jmeter Repositorio Prueba;false
11-Data-Meter;Jmeter Repositorio Prueba;false
12-Data-Meter;Jmeter Repositorio Prueba;false
13-Data-Meter;Jmeter Repositorio Prueba;false
14-Data-Meter;Jmeter Repositorio Prueba;false
15-Data-Meter;Jmeter Repositorio Prueba;false
16-Data-Meter;Jmeter Repositorio Prueba;false
17-Data-Meter;Jmeter Repositorio Prueba;false
18-Data-Meter;Jmeter Repositorio Prueba;false
19-Data-Meter;Jmeter Repositorio Prueba;false
20-Data-Meter;Jmeter Repositorio Prueba;false
21-Data-Meter;Jmeter Repositorio Prueba;false
22-Data-Meter;Jmeter Repositorio Prueba;false
23-Data-Meter;Jmeter Repositorio Prueba;false
24-Data-Meter;Jmeter Repositorio Prueba;false
25-Data-Meter;Jmeter Repositorio Prueba;false
26-Data-Meter;Jmeter Repositorio Prueba;false
27-Data-Meter;Jmeter Repositorio Prueba;false
28-Data-Meter;Jmeter Repositorio Prueba;false
29-Data-Meter;Jmeter Repositorio Prueba;false
30-Data-Meter;Jmeter Repositorio Prueba;false
31-Data-Meter;Jmeter Repositorio Prueba;false
32-Data-Meter;Jmeter Repositorio Prueba;false
33-Data-Meter;Jmeter Repositorio Prueba;false
34-Data-Meter;Jmeter Repositorio Prueba;false
35-Data-Meter;Jmeter Repositorio Prueba;false
36-Data-Meter;Jmeter Repositorio Prueba;false
37-Data-Meter;Jmeter Repositorio Prueba;false
38-Data-Meter;Jmeter Repositorio Prueba;false
39-Data-Meter;Jmeter Repositorio Prueba;false
40-Data-Meter;Jmeter Repositorio Prueba;false
41-Data-Meter;Jmeter Repositorio Prueba;false
42-Data-Meter;Jmeter Repositorio Prueba;false
43-Data-Meter;Jmeter Repositorio Prueba;false
44-Data-Meter;Jmeter Repositorio Prueba;false
45-Data-Meter;Jmeter Repositorio Prueba;false
46-Data-Meter;Jmeter Repositorio Prueba;false
47-Data-Meter;Jmeter Repositorio Prueba;false
48-Data-Meter;Jmeter Repositorio Prueba;false
49-Data-Meter;Jmeter Repositorio Prueba;false
50-Data-Meter;Jmeter Repositorio Prueba;false
51-Data-Meter;Jmeter Repositorio Prueba;false
52-Data-Meter;Jmeter Repositorio Prueba;false
53-Data-Meter;Jmeter Repositorio Prueba;false
54-Data-Meter;Jmeter Repositorio Prueba;false
55-Data-Meter;Jmeter Repositorio Prueba;false
56-Data-Meter;Jmeter Repositorio Prueba;false
57-Data-Meter;Jmeter Repositorio Prueba;false
58-Data-Meter;Jmeter Repositorio Prueba;false
59-Data-Meter;Jmeter Repositorio Prueba;false
60-Data-Meter;Jmeter Repositorio Prueba;false
61-Data-Meter;Jmeter Repositorio Prueba;false
62-Data-Meter;Jmeter Repositorio Prueba;false
63-Data-Meter;Jmeter Repositorio Prueba;false
64-Data-Meter;Jmeter Repositorio Prueba;false
65-Data-Meter;Jmeter Repositorio Prueba;false
66-Data-Meter;Jmeter Repositorio Prueba;false
67-Data-Meter;Jmeter Repositorio Prueba;false
68-Data-Meter;Jmeter Repositorio Prueba;false
69-Data-Meter;Jmeter Repositorio Prueba;false
70-Data-Meter;Jmeter Repositorio Prueba;false
71-Data-Meter;Jmeter Repositorio Prueba;false
72-Data-Meter;Jmeter Repositorio Prueba;false
73-Data-Meter;Jmeter Repositorio Prueba;false
74-Data-Meter;Jmeter Repositorio Prueba;false
75-Data-Meter;Jmeter Repositorio Prueba;false
76-Data-Meter;Jmeter Repositorio Prueba;false
77-Data-Meter;Jmeter Repositorio Prueba;false
78-Data-Meter;Jmeter Repositorio Prueba;false
79-Data-Meter;Jmeter Repositorio Prueba;false
80-Data-Meter;Jmeter Repositorio Prueba;false
81-Data-Meter;Jmeter Repositorio Prueba;false
82-Data-Meter;Jmeter Repositorio Prueba;false
83-Data-Meter;Jmeter Repositorio Prueba;false
84-Data-Meter;Jmeter Repositorio Prueba;false
85-Data-Meter;Jmeter Repositorio Prueba;false
86-Data-Meter;Jmeter Repositorio Prueba;false
87-Data-Meter;Jmeter Repositorio Prueba;false
88-Data-Meter;Jmeter Repositorio Prueba;false
89-Data-Meter;Jmeter Repositorio Prueba;false
90-Data-Meter;Jmeter Repositorio Prueba;false
91-Data-Meter;Jmeter Repositorio Prueba;false
92-Data-Meter;Jmeter Repositorio Prueba;false
93-Data-Meter;Jmeter Repositorio Prueba;false
94-Data-Meter;Jmeter Repositorio Prueba;false
95-Data-Meter;Jmeter Repositorio Prueba;false
96-Data-Meter;Jmeter Repositorio Prueba;false
97-Data-Meter;Jmeter Repositorio Prueba;false
98-Data-Meter;Jmeter Repositorio Prueba;false
99-Data-Meter;Jmeter Repositorio Prueba;false
100-Data-Meter;Jmeter Repositorio Prueba;false
101-Data-Meter;Jmeter Repositorio Prueba;false
102-Data-Meter;Jmeter Repositorio Prueba;false
103-Data-Meter;Jmeter Repositorio Prueba;false
104-Data-Meter;Jmeter Repositorio Prueba;false
105-Data-Meter;Jmeter Repositorio Prueba;false
106-Data-Meter;Jmeter Repositorio Prueba;false
107-Data-Meter;Jmeter Repositorio Prueba;false
108-Data-Meter;Jmeter Repositorio Prueba;false
109-Data-Meter;Jmeter Repositorio Prueba;false
110-Data-Meter;Jmeter Repositorio Prueba;false
111-Data-Meter;Jmeter Repositorio Prueba;false
112-Data-Meter;Jmeter Repositorio Prueba;false
113-Data-Meter;Jmeter Repositorio Prueba;false
114-Data-Meter;Jmeter Repositorio Prueba;false
115-Data-Meter;Jmeter Repositorio Prueba;false
116-Data-Meter;Jmeter Repositorio Prueba;false
117-Data-Meter;Jmeter Repositorio Prueba;false
118-Data-Meter;Jmeter Repositorio Prueba;false
119-Data-Meter;Jmeter Repositorio Prueba;false
120-Data-Meter;Jmeter Repositorio Prueba;false
121-Data-Meter;Jmeter Repositorio Prueba;false
122-Data-Meter;Jmeter Repositorio Prueba;false
123-Data-Meter;Jmeter Repositorio Prueba;false
124-Data-Meter;Jmeter Repositorio Prueba;false
125-Data-Meter;Jmeter Repositorio Prueba;false

